AB001;6,7;aTcGGTAC;John;M
AB002;1;tTTCCGtAC;Sjon;M
AB003;8,6;ccTaC;Fred;M
AB005;2,1;GTAGTCA;Pieter;M
AB006;1,5;CCTGAaaTGC;Sophia;F
AB007;0,2;CGTaCCaaTT;Mia;F
AB008;6,5;cgtacgtggA;Mustapha;M
AB009;6;ATCGATCG;Bernd;M
AB010;4,9;ATGctgA;Abel;M
AB011;3,1;AATC;Ava;F
AB012;8,8;CgATTCgA;Klarina;F
AB013;0,5;gCTAGCTA;Eobard;M
AB014;3,3;CGTAgCTAG;Clark;M
AB015;7,3;CGTACTGT;Sarah;F
AB016;1,2;GGAAGGA;YOURNAME;MorF
AB017;9,2;GCAgATCgA;Bilal;M
AB018;2,9;GctagTAGC;Charles;M
AB019;4,4;CGTAggATg;Fridrich;M
AB020;6,6;CAaaAGTgt;Eliose;F
AB021;8;TGTGCagTG;Inge;F
AB022;2,5;CTAGgtCGT;Gert;M
AB003;7,8;AAAGTGTGC;Gerda;F
AB003;9,6;tGCAtgATG;Anastasia;F
AB008;8,9;TGTGcGTA;Allard;M
AB021;7,4;GtgACAgT;Donald;M
AB021;1,7;TTAGGCCA;Sylvester;M
AB005;1,8;CgTGACgtAGC;Catlyn;F
AB0019;4,6;CGGCTGATg;Dasy;F
AB0013;6,1;CAccTGTGCA;Joost;M
AB0018;7,7;TGTaca;Kelly;F